hostname,pl_orbsmax,pl_bmassj,pl_radj
"Kepler-11",0.106000,0.04200,0.281
"Kepler-11",0.250000,0.00700,0.233
"HAT-P-1",0.055300,0.53200,1.242
"OGLE-TR-10",0.043400,0.62000,1.250
"TrES-2",0.035560,1.19900,1.272
"WASP-3",0.031510,1.76000,1.290
"HAT-P-30",0.041900,0.71100,1.340
"HR 8799",68.000000,7.00000,1.200
"CoRoT-18",0.029500,3.47000,1.310
"Kepler-17",0.025910,2.45000,1.310
"CoRoT-19",0.051800,1.11000,1.290
"Kepler-24",0.106000,1.60000,0.250
"Kepler-32",0.050000,4.10000,0.196
"KELT-1",0.024660,27.23000,1.110
"WASP-7",0.061700,0.96000,1.330
"HAT-P-40",0.060800,0.61500,1.730
"TrES-2",0.036350,1.25300,1.261
"HAT-P-1",0.055350,0.52400,1.217
"TrES-3",0.022830,1.91000,1.305
"OGLE-TR-113",0.022780,1.24000,1.111
"WASP-10",0.037800,3.16000,1.067
"WASP-77 A",0.024000,1.76000,1.210
"Kepler-63",0.080000,0.37800,0.545
"HD 17156",0.161400,3.22000,1.020
"HAT-P-2",0.068780,9.09000,1.157
"CoRoT-3",0.056940,21.23000,0.993
"WASP-33",0.025550,4.10000,1.497
"HAT-P-2",0.067700,8.62000,0.951
"HAT-P-1",0.055610,0.52500,1.319
"HAT-P-18",0.055900,0.19600,0.947
"KELT-6",0.080000,0.44200,1.180
"HAT-P-36",0.023880,1.85200,1.304
"WASP-11",0.043750,0.49200,0.990
"Kepler-5",0.053800,2.11100,1.426
"K2-22",0.008800,1.40000,0.223
"WASP-19",0.016160,1.11400,1.395
"WASP-57",0.037690,0.64400,1.050
"WASP-97",0.033030,1.32000,1.130
"KOI-1257",0.382000,1.45000,0.940
"HD 149026",0.042000,0.36000,0.725
"K2-29",0.042170,0.73000,1.190
"GJ 436",0.031090,0.07280,0.374
"HAT-P-16",0.041300,4.18900,1.190
"WASP-36",0.026770,2.36100,1.327
"WASP-117",0.094590,0.27550,1.021
"WASP-46",0.023350,1.91000,1.174
"Kepler-44",0.045700,1.03000,1.200
"Kepler-40",0.080200,2.16000,1.440
"Kepler-45",0.029540,0.50000,0.999
"WASP-2",0.030700,0.86600,1.077
"WASP-80",0.034400,0.53800,0.999
"Qatar-1",0.022980,1.27500,1.136
"Qatar-1",0.023130,1.29300,1.142
"KOI-12",0.151000,10.00000,1.430
"2MASS J02192210-3925225",156.000000,13.90000,1.440
"KELT-7",0.044150,1.28000,1.533
"GJ 3470",0.035960,0.04436,0.385
"WASP-94 A",0.055000,0.45200,1.720
"Kepler-43",0.044000,3.03000,1.120
"Kepler-427",0.091000,0.29000,1.230
"OGLE-TR-113",0.022900,1.32000,1.090
"XO-2 N",0.036730,0.59700,1.019
"Kepler-41",0.031010,0.56000,1.290
"CoRoT-12",0.039400,0.88700,1.350
"WASP-18",0.020000,10.20000,1.300
"WASP-28",0.044690,0.90700,1.213
"WASP-20",0.060000,0.31100,1.462
"WASP-6",0.041400,0.48500,1.230
"WASP-85 A",0.039000,1.26500,1.240
"KELT-10",0.052500,0.67900,1.399
"K2-34",0.044500,1.77300,1.440
"WASP-121",0.025440,1.18300,1.865
"Qatar-1",0.023430,1.33000,1.180
"WASP-127",0.052000,0.18000,1.370
"WASP-53",0.041010,2.13200,1.074
"TRAPPIST-1",0.037100,0.00214,0.093
"KELT-9",0.034620,2.88000,1.891
"WASP-167",0.036500,8.00000,1.580
"WASP-107",0.055300,0.11900,0.924
"WASP-20",0.058100,0.37800,1.280
"WASP-49",0.038730,0.39900,1.198
"WASP-14",0.036000,7.34100,1.281
"HR 2562",20.300000,30.00000,1.110
"Qatar-2",0.021360,2.46600,1.115
"GJ 1132",0.015300,0.00522,0.101
"WASP-174",0.055900,1.30000,1.300
"MASCARA-1",0.043000,3.70000,1.500
"WASP-5",0.026830,1.58000,1.090
"WASP-118",0.054500,0.52000,1.394
"K2-261",0.102000,0.22300,0.850
"K2-265",0.033760,0.02058,0.153
"K2-266",0.067900,0.00091,0.063
"WASP-158",0.051700,2.79000,1.070
"WASP-173 A",0.024800,3.69000,1.200
"WASP-161",0.067300,2.49000,1.143
"Kepler-428",0.043310,1.28000,1.080
"WASP-72",0.037110,1.44600,1.270
"WASP-65",0.033400,1.54000,1.112
"WASP-103",0.019870,1.45500,1.528
"CoRoT-25",0.057890,0.29300,1.080
"HAT-P-45",0.045210,0.86000,1.426
"HAT-P-53",0.031600,1.47700,1.318
"HATS-7",0.040120,0.12300,0.563
"WASP-19",0.016490,1.15700,1.310
"WASP-32",0.039040,3.49000,1.100
"WASP-5",0.027390,1.59000,1.175
"HAT-P-40",0.060760,0.58100,1.730
"WASP-74",0.034430,0.82600,1.404
"TOI-172",0.091400,5.42000,0.965
"KOI-1599",0.112293,0.02832,0.170
"WASP-103",0.019850,1.49000,1.528
"HAT-P-36",0.024020,1.92500,1.357
"Kepler-107",0.126390,0.02706,0.259
"Kepler-9",0.143000,0.13655,0.740
"WASP-166",0.064100,0.10100,0.630
"HAT-P-69",0.065550,3.58000,1.676
"HAT-P-25",0.046600,0.56900,1.135
"HD 202772 A",0.052080,1.01700,1.545
"HATS-70",0.036320,12.90000,1.384
"WASP-190",0.066300,1.00000,1.150
"HAT-P-29",0.066690,0.67600,1.107
"HATS-3",0.048520,1.10000,1.381
"CoRoT-6",0.085400,2.95000,1.166
"CoRoT-12",0.040130,0.91500,1.440
"CoRoT-14",0.026910,7.42000,1.090
"HAT-P-32",0.034270,0.75000,1.789
"HAT-P-33",0.049950,0.66000,1.686
"HAT-P-35",0.049780,1.05600,1.332
"Kepler-425",0.046520,0.22600,0.978
"Kepler-424",0.043650,1.07600,0.890
"WASP-127",0.048400,0.16470,1.311
"Kepler-1661",0.633000,0.05349,0.345
"HATS-49",0.045150,0.35300,0.765
"CoRoT-31",0.058600,0.84000,1.460
"HAT-P-8",0.048700,1.52000,1.500
"WASP-148",0.084500,0.29100,0.722
"PDS 70",34.000000,2.00000,2.040
"TOI-1899",0.158700,0.66000,1.150
"TOI-763",0.101100,0.02932,0.235
"TOI-954",0.049630,0.17400,0.852
"TOI-942",0.049800,0.05034,0.378
"TOI-251",0.057410,1.00000,0.244
"HD 136352",0.096900,0.01454,0.132
"TOI-776",0.065200,0.01259,0.165
"TOI-561",0.010640,0.01007,0.129
"Kepler-8",0.048300,0.60300,1.419
"HAT-P-16",0.041300,4.19300,1.289
"WASP-2",0.030700,0.88000,0.955
"WASP-107",0.055800,0.12000,0.948
"HR 8799",38.000000,10.00000,1.200
"XO-6",0.081500,4.40000,2.070
"KOI-12",0.154000,1.10000,1.230
"MASCARA-4",0.047000,3.10000,1.530
"HD 189733",0.031060,1.16600,1.119
"WASP-44",0.034530,0.87000,1.100
"WASP-192",0.040800,2.30000,1.230
"HAT-P-12",0.037670,0.20100,0.919
"HAT-P-3",0.038780,0.59500,0.911
"WASP-39",0.048280,0.28100,1.279
"GJ 1132",0.015330,0.00513,0.128
"GU Psc",2000.000000,11.30000,1.265
"55 Cnc",0.015830,0.02700,0.178
"WASP-43",0.014000,1.80000,0.930
"Kepler-46",0.197100,0.88500,0.810
"Kepler-28",0.062000,1.51000,0.321
"Kepler-91",0.073100,0.81000,1.367
"CoRoT-8",0.063600,0.21800,0.619
"CoRoT-20",0.089100,4.14000,1.000
"CoRoT-5",0.049500,0.45900,1.256
"CoRoT-18",0.028800,3.30000,1.146
"Kepler-138",0.130100,0.00368,0.150
"HD 80653",0.016600,0.01762,0.144
"HD 23472",0.121000,0.05638,0.167
"XO-1",0.049280,0.91800,1.206
"WASP-1",0.039570,0.91800,1.514
"WASP-1",0.038890,0.85400,1.483
"HD 23472",0.170000,0.05405,0.192
"CoRoT-12",0.039200,0.87300,1.344
"Kepler-47",0.699200,0.05984,0.628
"WASP-19",0.016530,1.16500,1.376
"Kepler-47",0.287700,0.00651,0.272
"WASP-80",0.034790,0.56200,0.986
"XO-2 N",0.036800,0.56600,0.993
"HATS-67",0.030320,1.45000,1.685
"TYC 8998-760-1",320.000000,6.00000,1.100
"TOI-220",0.089110,0.04342,0.270
"HATS-15",0.027120,2.17000,1.105
"WASP-79",0.052100,0.84300,1.820
"Kepler-16",0.704800,0.33300,0.754
"WASP-21",0.052120,0.29700,1.070
"Qatar-3",0.037830,4.31000,1.096
"HATS-68",0.050710,1.29000,1.232
"BD+20 594",0.241000,0.05129,0.199
"CoRoT-24",0.056000,0.01800,0.330
"KELT-14",0.030050,1.28400,1.743
"Kepler-79",0.287000,0.01900,0.639
"Kepler-75",0.081800,10.10000,1.050
"WASP-45",0.040500,1.00200,0.992
"HATS-12",0.047950,2.38000,1.350
"WASP-50",0.029450,1.46000,1.153
"HATS-18",0.017610,1.98000,1.337
"Kepler-40",0.079500,2.12000,1.270
"WASP-140",0.032300,2.44000,1.440
"Kepler-47",0.296200,2.00000,0.270
"WASP-159",0.053800,0.55000,1.380
"WASP-69",0.045250,0.26000,1.057
"K2-138",0.104470,0.00513,0.259
"WASP-65",0.033400,1.55000,1.112
"HATS-55",0.054120,0.92100,1.251
"Qatar-2",0.021600,2.60000,1.150
"WASP-10",0.036900,2.96000,1.280
"Kepler-80",0.079200,0.02121,0.244
"TOI-421",0.056000,0.02256,0.239
"GJ 436",0.029100,0.07000,0.372
"K2-111",0.057000,0.01664,0.162
"HAT-P-35",0.049800,1.05400,1.332
"HAT-P-52",0.036940,0.81800,1.009
"WASP-16",0.042100,0.85500,1.008
"WASP-32",0.039400,3.60000,1.180
"K2-24",0.247000,0.08495,0.698
"HD 209458",0.047470,0.71400,1.380
"Qatar-5",0.041270,4.32000,1.107
"WASP-3",0.031850,2.03000,1.416
"OGLE-TR-132",0.030350,1.18000,1.200
"WASP-118",0.054530,0.51400,1.440
"OGLE-TR-56",0.023850,3.30000,1.363
"WASP-39",0.048590,0.27500,1.270
"WASP-3",0.031500,1.98000,1.400
"WASP-26",0.039660,1.02000,1.216
"LHS 1140",0.087500,0.02092,0.128
"LHS 1140",0.093600,0.02196,0.154
"LHS 1140",0.026750,0.00569,0.114
"LHS 1140",0.095700,0.02007,0.146
"LHS 1140",0.027340,0.00554,0.104
"Kepler-76",0.027400,2.01000,1.360
"WASP-99",0.071700,2.80000,1.100
"WASP-2",0.031380,0.91500,1.071
"WASP-41",0.040000,0.94000,1.180
"K2-132",0.091600,0.49500,1.089
"K2-137",0.005800,0.50000,0.079
"HR 8799",16.400000,10.00000,1.170
"CoRoT-4",0.091200,0.73100,1.160
"NGTS-12",0.075700,0.20800,1.048
"HAT-P-68",0.029960,0.72400,1.072
"CoRoT-20",0.090200,4.24000,0.840
"WASP-14",0.037200,7.90000,1.633
"WASP-147",0.054900,0.27500,1.115
"HATS-14",0.038150,1.07100,1.039
"Kepler-44",0.044600,1.00000,1.090
"OGLE2-TR-L9",0.040400,4.34000,1.614
"K2-232",0.103560,0.39800,1.000
"HD 189733",0.031420,1.15000,1.151
"TrES-3",0.022760,1.89900,1.310
"CoRoT-27",0.047600,10.39000,1.007
"Kepler-426",0.041400,0.34000,1.090
"CoRoT-22",0.092000,0.03800,0.435
"WASP-182",0.045100,0.14800,0.850
"GJ 436",0.028870,0.07370,0.365
"TRAPPIST-1",0.015210,0.00434,0.094
"HIP 116454",0.090600,0.03700,0.226
"HATS-47",0.042690,0.36900,1.117
"WASP-24",0.036350,1.10900,1.303
"WASP-4",0.023200,1.25000,1.341
"HATS-53",0.047530,0.59500,1.340
"HIP 65 A",0.017820,3.21300,2.030
"WASP-7",0.062400,0.98000,1.374
"Kepler-412",0.029590,0.93900,1.325
"WASP-33",0.023900,2.09300,1.593
"K2-98",0.094300,0.10131,0.384
"WASP-39",0.048580,0.28300,1.332
"Kepler-74",0.084000,0.68000,1.320
"Kepler-27",0.191000,13.80000,0.437
"HAT-P-30",0.041900,0.74600,1.340
"HAT-P-37",0.037910,1.19000,1.231
"HATS-61",0.079080,3.40000,1.195
"WASP-106",0.091700,1.90900,1.085
"Kepler-47",0.963800,0.00997,0.415
"WASP-28",0.044640,0.92700,1.250
"HAT-P-7",0.038050,1.79900,1.465
"WASP-42",0.056100,0.52700,1.122
"WASP-70 A",0.048530,0.59000,1.164
"WASP-114",0.028510,1.76900,1.339
"WASP-73",0.055170,1.87900,1.160
"HAT-P-3",0.038820,0.59600,0.899
"HD 209458",0.047070,0.68200,1.359
"Kepler-80",0.037200,0.02124,0.136
"OGLE-TR-111",0.046510,0.54000,1.077
"Kepler-44",0.044600,0.98100,1.090
"CoRoT-8",0.063390,0.21800,0.570
"HAT-P-2",0.067400,8.74000,1.190
"HD 209458",0.046000,0.62000,1.420
"WASP-15",0.049900,0.54200,1.428
"WASP-18",0.020870,10.40000,1.191
"WASP-26",0.039850,1.02800,1.281
"CoRoT-5",0.049630,0.47800,1.388
"Kepler-433",0.067800,2.81000,1.450
"WASP-44",0.034740,0.87800,1.140
"HAT-P-15",0.096500,1.94900,1.072
"NGTS-13",0.054900,4.84000,1.142
"Kepler-36",0.128300,0.02500,0.328
"Kepler-40",0.080400,2.07000,1.440
"HAT-P-21",0.049500,3.97000,1.024
"K2-3",0.141300,0.00975,0.158
"XO-1",0.049300,0.91300,1.206
"Lupus-TR-3",0.046400,0.81000,0.890
"WASP-26",0.039970,1.03800,1.320
"HD 219134",0.065300,0.01372,0.135
"WASP-11",0.043760,0.53200,0.990
"XO-4",0.055240,1.61200,1.340
"WASP-50",0.029450,1.46800,1.153
"Qatar-1",0.023430,1.09000,1.164
"Kepler-107",0.083770,0.01196,0.077
"WASP-186",0.060000,4.22000,1.110
"WASP-36",0.026430,2.30300,1.281
"HAT-P-17",0.088200,0.53700,1.010
"HAT-P-31",0.061000,2.14700,1.070
"HAT-P-14",0.060620,2.30300,1.150
"Kepler-5",0.050710,2.12600,1.431
"HATS-72",0.066517,0.12540,0.722
"Kepler-82",0.168300,0.03823,0.363
"Kepler-4",0.045600,0.07700,0.357
"HAT-P-36",0.023800,1.83200,1.264
"HAT-P-20",0.036000,7.30000,0.870
"Kepler-7",0.060670,0.44100,1.622
"EPIC 211945201",0.148000,0.08495,0.546
"K2-36",0.022300,0.01227,0.128
"GJ 3470",0.035500,0.04373,0.408
"Kepler-289",0.510000,0.42000,1.034
"CoRoT-27",0.046700,10.30000,1.007
"GJ 1252",0.009160,0.00658,0.106
"WASP-35",0.043170,0.72000,1.320
"TrES-5",0.024500,1.80400,1.203
"Kepler-12",0.055630,0.43300,1.695
"Kepler-433",0.067900,2.82000,1.450
"Kepler-39",0.164000,20.10000,1.240
"HAT-P-7",0.037700,1.77600,1.342
"WASP-135",0.024300,1.90000,1.300
"Kepler-138",0.092200,0.01636,0.149
"HAT-P-30",0.041900,0.73300,1.469
"Kepler-82",0.262600,0.04373,0.476
"Kepler-51",0.251400,0.00700,0.633
"Kepler-11",0.250000,0.00600,0.222
"HATS-3",0.048500,1.07100,1.381
"TRAPPIST-1",0.021440,0.00129,0.069
"Kepler-43",0.044400,3.13000,1.160
"TrES-2",0.035670,1.20600,1.193
"HD 17156",0.163700,3.26200,1.065
"WASP-104",0.029180,1.27200,1.137
"HAT-P-5",0.040750,1.06000,1.260
"WASP-44",0.034430,0.86700,0.980
"Qatar-4",0.028030,6.10000,1.135
"WASP-133",0.034500,1.16000,1.210
"OGLE-TR-56",0.023830,1.39000,1.363
"HAT-P-4",0.044600,0.68000,1.270
"CoRoT-19",0.051200,1.09000,1.190
"Kepler-10",0.240700,0.06300,0.199
"Kepler-11",0.194000,0.02600,0.404
"Kepler-87",0.676000,0.02000,0.548
"HAT-P-2",0.067700,9.04000,0.982
"Kepler-12",0.055500,0.43000,1.706
"Kepler-138",0.076000,0.00059,0.063
"HATS-52",0.024980,2.24000,1.382
"WASP-36",0.026410,2.29500,1.330
"WASP-160 B",0.045200,0.27800,1.090
"HATS-24",0.023800,2.26000,1.395
"Qatar-7",0.035200,1.88000,1.700
"WASP-73",0.055120,1.88000,1.160
"KOI-13",0.036410,9.28000,1.512
"TrES-3",0.022600,1.92000,1.295
"XO-3",0.045290,11.83000,1.248
"LHS 1815",0.040400,0.02737,0.097
"WASP-47",0.052000,1.21000,1.150
"K2-237",0.035300,1.23600,1.642
"WASP-12",0.023200,1.46500,1.937
"HAT-P-23",0.023200,2.09000,1.368
"Kepler-43",0.046000,3.23000,1.219
"Kepler-44",0.045500,1.02000,1.240
"TrES-5",0.024590,1.79000,1.194
"GJ 3470",0.035570,0.04373,0.431
"WASP-2",0.030920,0.88000,1.063
"CoRoT-30",0.084400,2.90000,1.009
"WASP-93",0.042110,1.47000,1.597
"CoRoT-8",0.063300,0.21600,0.712
"TOI-776",0.100000,0.01668,0.180
"TOI-178",0.026070,0.00472,0.103
"Kepler-7",0.062240,0.43300,1.478
"TRAPPIST-1",0.061935,0.00104,0.069
"HAT-P-37",0.037900,1.16900,1.178
"XO-1",0.049440,0.92400,1.206
"HATS-1",0.044400,1.85500,1.302
"CoRoT-17",0.046100,2.43000,1.020
"HATS-31",0.047800,0.88000,1.640
"HAT-P-50",0.045300,1.35000,1.288
"Kepler-20",0.350600,0.03168,0.245
"WASP-17",0.051300,0.48600,1.747
"Kepler-5",0.049670,2.04000,1.210
"K2-38",0.096400,0.03115,0.216
"HATS-63",0.040260,0.96000,1.207
"HATS-62",0.041630,0.17900,1.055
"WASP-18",0.020340,10.29000,1.158
"WASP-144",0.031600,0.44000,0.850
"HAT-P-13",0.043830,0.89900,1.487
"WD 1856+534",0.020400,13.80000,0.928
"K2-132",0.086000,0.49000,1.300
"OGLE-TR-111",0.047000,0.53000,1.005
"TOI-1231",0.128800,0.04845,0.326
"TRAPPIST-1",0.022280,0.00093,0.070
"OGLE-TR-56",0.019420,1.39000,1.378
"K2-97",0.081000,0.48000,1.310
"SWEEPS-11",0.030000,9.70000,1.130
"TRAPPIST-1",0.029283,0.00243,0.081
"TRAPPIST-1",0.046877,0.00361,0.102
"XO-2 N",0.036800,0.56500,0.996
"TRAPPIST-1",0.038534,0.00294,0.093
"TRAPPIST-1",0.011548,0.00320,0.100
"WASP-13",0.053620,0.47700,1.389
"Kepler-643",0.126000,1.01000,1.140
"KOI-1599",0.147280,0.01447,0.170
"TRAPPIST-1",0.015815,0.00364,0.098
"SWEEPS-4",0.055000,3.80000,0.810
"XO-2 N",0.036470,0.55500,0.992
"K2-115",0.136700,0.84000,1.115
"WASP-81",0.039080,0.72900,1.429
"K2-291",0.032610,0.02042,0.142
"HAT-P-44",0.050700,0.35200,1.242
"K2-3",0.208600,0.03492,0.136
"K2-232",0.099100,0.38700,1.058
"AU Mic",0.066000,0.18000,0.375
"HD 89345",0.111500,0.12100,0.648
"HD 63454",0.036800,0.39800,1.098
"HAT-P-11",0.052540,0.07362,0.389
"K2-266",0.103500,0.02800,0.261
"WASP-178",0.054500,1.41000,1.940
"55 Cnc",0.015440,0.02457,0.186
"HAT-P-9",0.052870,0.74900,1.393
"EPIC 246851721",0.072290,3.00000,1.051
"WASP-12",0.023400,1.47000,1.900
"WASP-2",0.031440,0.93100,1.081
"Qatar-1",0.023320,1.29400,1.143
"KELT-12",0.067080,0.95000,1.780
"KELT-15",0.046130,0.91000,1.443
"GJ 9827",0.039420,0.00761,0.113
"HD 136352",0.172900,0.03552,0.233
"K2-260",0.040400,1.42000,1.552
"KELT-21",0.052240,3.91000,1.586
"KELT-14",0.029560,1.19600,1.520
"KELT-24",0.069690,5.18000,1.272
"GJ 414 A",0.232400,0.02391,0.235
"KELT-18",0.045500,1.18000,1.570
"KELT-20",0.054200,3.38200,1.741
"KELT-3",0.041220,1.47700,1.345
"HD 219134",0.038200,0.01364,0.143
"K2-3",0.077500,0.02643,0.185
"GJ 414 A",1.400000,0.16937,0.749
"HD 97658",0.079600,0.02473,0.209
"K2-266",0.013060,0.03545,0.294
"HAT-P-1",0.055100,0.53000,1.360
"HAT-P-29",0.066500,0.76700,1.064
"HD 114762",0.353000,10.98000,1.110
"K2-266",0.124900,0.04499,0.244
"GJ 9827",0.018880,0.01076,0.145
"KELT-19 A",0.063700,4.07000,1.910
"WASP-173 A",0.025080,3.47000,1.285
"WASP-45",0.039630,0.96400,0.946
"K2-329",0.101600,0.26000,0.774
"KELT-11",0.062290,0.19500,1.370
"WASP-19",0.016550,1.16800,1.386
"K2-3",0.140500,0.00661,0.147
"KELT-16",0.020440,2.75000,1.415
"TOI-763",0.060000,0.03080,0.203
"GJ 9827",0.056150,0.01636,0.185
"HAT-P-32",0.033970,0.68000,1.980
"KELT-23 A",0.033020,0.93800,1.323
"KELT-17",0.048810,1.31000,1.525
"HD 89345",0.106600,0.11000,0.660
"CT Cha",440.000000,17.00000,2.200
"HAT-P-7",0.035500,1.78100,1.419
"HATS-44",0.036490,0.56000,1.067
"Kepler-434",0.114300,2.86000,1.130
"WASP-82",0.044700,1.24000,1.670
"HD 213885",0.020120,0.02778,0.156
"HD 15337",0.052450,0.02265,0.152
"WASP-83",0.059000,0.30000,1.040
"PDS 70",20.000000,3.00000,2.720
"KOI-3680",0.534000,1.93000,0.990
"WASP-83",0.059000,0.30500,1.040
"KPS-1",0.026900,1.09000,1.030
"Kepler-6",0.044480,0.64700,1.169
"KELT-20",0.057000,17.00000,1.830
"WASP-11",0.043500,0.48700,1.005
"HAT-P-25",0.046590,0.56700,1.190
"WASP-17",0.051250,0.47700,1.932
"TrES-2",0.036700,1.28000,1.240
"K2-34",0.044190,1.76000,1.350
"HAT-P-41",0.042580,0.79500,1.685
"WASP-57",0.038600,0.67200,0.916
"Kepler-424",0.044000,1.03000,0.890
"XO-2 N",0.036840,0.56600,0.983
"Kepler-31",0.260000,4.70000,0.473
"WASP-95",0.034160,1.13000,1.210
"Kepler-46",0.196800,6.00000,0.808
"Kepler-101",0.068400,0.01000,0.112
"WASP-68",0.062060,0.95000,1.240
"TOI-216",0.206900,0.62927,1.007
"Kepler-538",0.466900,0.03335,0.198
"HATS-40",0.049970,1.59000,1.580
"TrES-4",0.051590,0.49800,1.838
"NGTS-11",0.201000,0.34400,0.817
"CoRoT-2",0.028100,3.31000,1.465
"Kepler-43",0.044900,3.23000,1.200
"WASP-1",0.038980,0.86000,1.484
"K2-139",0.179000,0.38700,0.808
"TOI-628",0.048600,6.33000,1.060
"KELT-4 A",0.043170,0.90200,1.699
"K2-32",0.080360,0.05191,0.458
"K2-32",0.186200,0.03241,0.306
"K2-32",0.139900,0.03807,0.269
"TOI-1235",0.038450,0.02174,0.155
"TOI-1235",0.038260,0.01856,0.151
"TOI-269",0.034500,0.02769,0.247
"CFHTWIR-Oph 98 A",200.000000,7.80000,1.860
"K2-32",0.079500,0.04720,0.473
"K2-32",0.138430,0.02549,0.280
"K2-32",0.184220,0.02108,0.311
"K2-32",0.048990,0.00661,0.108
"K2-233",0.033080,0.03543,0.120
"K2-233",0.066660,0.04030,0.114
"K2-233",0.152240,0.06651,0.210
"HD 221416",0.122800,0.19000,0.836
"WASP-61",0.052100,2.06000,1.210
"WASP-22",0.046980,0.58800,1.158
"WASP-69",0.045250,0.26000,1.057
"WASP-87",0.029460,2.18000,1.385
"WASP-43",0.015040,1.99800,1.006
"WASP-180 A",0.048000,0.90000,1.240
"WASP-78",0.036700,0.86000,2.060
"HAT-P-20",0.035930,7.22000,1.025
"WASP-79",0.051900,0.85000,1.530
"WASP-52",0.027200,0.46000,1.270
"CoRoT-11",0.043510,2.49000,1.390
"CoRoT-1",0.026100,1.13000,1.480
"WASP-60",0.055480,0.56000,1.225
"HAT-P-70",0.047390,6.78000,1.870
"WASP-84",0.077500,0.68700,0.976
"WASP-62",0.057100,0.58000,1.340
"WASP-66",0.054600,2.32000,1.390
"WASP-31",0.046570,0.47800,1.537
"WASP-18",0.020200,10.11000,1.267
"WASP-4",0.023120,1.23700,1.413
"CoRoT-2",0.027980,3.47000,1.466
"HAT-P-7",0.032000,1.77600,1.363
"WASP-17",0.050000,0.45300,1.986
"WASP-15",0.049900,0.55100,1.379
"WASP-25",0.047300,0.58000,1.220
"WASP-71",0.046190,2.24200,1.460
"HATS-3",0.048500,1.07100,1.381
"HAT-P-27",0.040000,0.62000,1.020
"HATS-2",0.023000,1.34500,1.168
"WASP-5",0.027090,1.55500,1.140
"HD 80606",0.449000,3.94000,0.980
"WASP-21",0.052000,0.30000,1.070
"WASP-38",0.075800,2.71000,1.090
"WASP-41",0.041000,0.97700,1.178
"HAT-P-22",0.041710,2.19200,1.060
"Kepler-30",0.180000,0.03600,0.348
"WASP-5",0.027020,1.56800,1.167
"Kepler-411",0.073900,0.08306,0.394
"Kepler-411",0.037500,0.08055,0.214
"Kepler-411",0.279000,0.04782,0.296
"HD 189733",0.031000,1.10000,1.100
"GJ 436",0.029000,0.07300,0.380
"HD 209458",0.047000,0.69000,1.400
"Kepler-30",0.300000,2.01000,1.097
"Kepler-423",0.035850,0.59500,1.192
"CoRoT-10",0.106000,2.78000,0.941
"CoRoT-3",0.057830,21.96000,1.037
"CoRoT-5",0.050040,0.47000,1.182
"WASP-82",0.044800,1.25000,1.710
"WASP-77 A",0.024000,1.80000,1.200
"HAT-P-6",0.052350,1.05700,1.330
"Kepler-79",0.187000,0.01900,0.332
"WASP-88",0.064310,0.56000,1.700
"HATS-11",0.046140,0.85000,1.510
"WASP-67",0.051000,0.40600,1.091
"HATS-36",0.054250,3.21600,1.235
"K2-27",0.067020,0.09722,0.400
"NGTS-2",0.063000,0.74000,1.595
"HD 149026",0.043640,0.32200,0.811
"OGLE-TR-132",0.030360,2.70000,1.200
"WASP-141",0.046900,2.69000,1.210
"K2-108",0.057300,0.18689,0.471
"TRAPPIST-1",0.045100,0.00422,0.101
"WASP-43",0.014200,1.78000,0.930
"WASP-46",0.024480,2.10100,1.310
"Kepler-30",0.500000,17.00000,0.946
"WASP-74",0.037000,0.95000,1.560
"CoRoT-18",0.028600,3.27000,1.251
"HAT-P-9",0.052900,0.77800,1.380
"OGLE-TR-113",0.022650,1.23000,1.088
"WASP-4",0.023180,1.24900,1.364
"HAT-P-34",0.067700,3.32800,1.197
"WASP-98",0.037620,0.92200,1.144
"Kepler-80",0.064800,0.02180,0.238
"HAT-P-7",0.036760,1.68200,1.491
"Kepler-23",0.099000,2.70000,0.285
"WASP-23",0.037600,0.88400,0.962
"Kepler-28",0.081000,1.36000,0.303
"Kepler-25",0.110000,4.16000,0.401
"HATS-13",0.040570,0.54300,1.212
"WASP-145 A",0.026100,0.89000,0.900
"HAT-P-21",0.049400,4.06300,1.024
"NGTS-5",0.038200,0.22900,1.136
"CoRoT-7",0.017200,0.06600,0.150
"WASP-119",0.036300,1.23000,1.400
"Kepler-15",0.058300,0.69600,1.289
"Kepler-23",0.075000,0.80000,0.170
"Kepler-62",0.427000,0.11300,0.144
"Kepler-31",0.400000,6.80000,0.348
"HAT-P-7",0.038130,1.80600,1.510
"Kepler-62",0.120000,0.04400,0.174
"Kepler-30",0.500000,0.07300,0.785
"Kepler-425",0.046400,0.25000,0.978
"Kepler-10",0.241000,0.04399,0.210
"KOI-94",0.051190,0.03300,0.153
"Kepler-289",0.210000,0.02300,0.192
"HAT-P-26",0.047900,0.05900,0.565
"HAT-P-29",0.066700,0.77800,1.107
"HAT-P-2",0.068000,8.90000,1.100
"HAT-P-36",0.023820,1.85000,1.264
"HAT-P-3",0.038420,0.58400,0.947
"GJ 436",0.028720,0.07290,0.377
"HAT-P-5",0.040730,1.02000,1.254
"CoRoT-10",0.105500,2.75000,0.970
"CoRoT-13",0.051070,1.33100,0.885
"CoRoT-14",0.026870,7.67000,1.018
"CoRoT-19",0.051660,1.15500,1.290
"CoRoT-4",0.090000,0.72000,1.190
"GQ Lup",100.000000,20.00000,3.000
"HAT-P-13",0.043100,0.90600,1.487
"HAT-P-14",0.059600,2.28000,1.200
"HAT-P-17",0.088200,0.53400,1.010
"HAT-P-23",0.023020,2.07000,1.224
"HATS-13",0.040590,0.59200,1.212
"K2-110",0.102100,0.05254,0.231
"HD 189733",0.031300,1.15000,1.260
"Kepler-74",0.078100,0.63000,0.960
"WASP-29",0.045700,0.24400,0.792
"WASP-29",0.045660,0.24500,0.792
"WASP-31",0.046630,0.48900,1.549
"WASP-33",0.025900,3.28000,1.679
"WASP-35",0.043130,0.70100,1.320
"WASP-43",0.015280,2.05000,1.036
"WASP-130",0.101200,1.23000,0.890
"WASP-132",0.067000,0.41000,0.870
"HATS-32",0.040240,0.92000,1.249
"XO-2 N",0.036160,0.59300,0.984
"K2-138",0.044610,0.01985,0.205
"K2-138",0.058930,0.02492,0.213
"Kepler-30",0.180000,0.20000,0.321
"WASP-14",0.035800,7.22000,1.281
"WASP-1",0.039580,0.94800,1.514
"WASP-22",0.046800,0.56000,1.120
"WASP-22",0.048900,0.61700,1.199
"WASP-44",0.034730,0.88900,1.140
"WASP-46",0.023340,1.90000,1.174
"WASP-50",0.029300,1.46880,1.166
"WASP-5",0.027290,1.63700,1.171
"WASP-6",0.042100,0.50300,1.224
"WASP-19",0.016340,1.06900,1.392
"HATS-23",0.033970,1.47000,1.860
"HIP 65426",92.000000,9.00000,1.500
"K2-111",0.062100,0.02706,0.170
"Kepler-62",0.718000,0.11000,0.126
"K2-140",0.059100,1.01900,1.095
"HAT-P-41",0.042600,0.80000,1.685
"WASP-55",0.053300,0.57000,1.300
"WASP-61",0.051400,2.06000,1.240
"Kepler-4",0.044900,0.07500,0.368
"HD 86226",0.049000,0.02281,0.193
"LP 714-47",0.041700,0.09691,0.419
"TOI-561",0.088090,0.01699,0.257
"Kepler-427",0.091300,0.29200,1.230
"Kepler-41",0.023960,0.56000,1.040
"K2-18",0.159100,0.02715,0.233
"HATS-14",0.038150,1.06900,1.039
"K2-138",0.231090,0.01359,0.269
"HAT-P-51",0.050670,0.31100,1.293
"Kepler-51",0.384000,0.01300,0.803
"Qatar-2",0.021530,2.49400,1.254
"TrES-4",0.050840,0.91700,1.706
"WASP-10",0.037810,3.15000,1.080
"TOI-1333",0.062600,2.37000,1.396
"Kepler-11",0.155000,0.02300,0.278
"Kepler-1647",2.720500,1.51968,1.059
"HATS-30",0.043540,0.70600,1.175
"Kepler-10",0.017200,0.01450,0.132
"Kepler-10",0.016850,0.01170,0.131
"OGLE-TR-111",0.046760,0.55000,1.011
"OGLE-TR-111",0.046890,0.78000,1.051
"OGLE-TR-132",0.030290,1.17000,1.250
"OGLE-TR-211",0.051000,1.03000,1.360
"OGLE-TR-56",0.024530,1.41000,1.734
"HD 3167",0.018150,0.01579,0.152
"WASP-63",0.054170,0.33900,1.330
"WASP-67",0.051790,0.42000,1.400
"WASP-162",0.087100,5.20000,1.000
"HD 39091",0.067020,0.01422,0.184
"CoRoT-21",0.041600,2.22000,1.300
"KELT-6",0.080400,0.44200,1.180
"Kepler-423",0.039600,0.72000,1.200
"WTS-2",0.018550,1.12000,1.363
"L 98-59",0.022820,0.00318,0.071
"HATS-58 A",0.057980,1.03000,1.095
"WASP-84",0.077100,0.69400,0.942
"Kepler-432",0.301000,5.41000,1.145
"CoRoT-16",0.061800,0.52900,1.170
"HD 332231",0.143600,0.24400,0.867
"Kepler-117",0.280400,1.84000,1.101
"NGTS-3 A",0.023000,2.38000,1.480
"K2-237",0.037000,1.60000,1.650
"WASP-64",0.026480,1.27100,1.271
"WASP-80",0.034270,0.54000,0.952
"GJ 143",0.069500,0.01164,0.080
"Qatar-9",0.023400,1.19000,1.009
"WASP-96",0.045300,0.48000,1.200
"WASP-96",0.045400,0.49000,1.200
"WASP-99",0.071700,2.78000,1.100
"WASP-101",0.050570,0.49700,1.410
"HATS-5",0.054200,0.23700,0.912
"HATS-5",0.054280,0.23800,0.912
"CoRoT-28",0.059000,0.48100,0.955
"NGTS-4",0.019000,0.06481,0.284
"Kepler-14",0.077100,7.68000,1.126
"HATS-4",0.036200,1.32300,1.020
"WASP-184",0.062700,0.57000,1.330
"Qatar-6",0.042300,0.66800,1.062
"CoRoT-29",0.038600,0.85000,0.900
"WASP-89",0.042700,5.90000,1.040
"Kepler-21",0.042717,0.01598,0.146
"Kepler-432",0.303400,4.87000,1.120
"WASP-103",0.019790,1.47000,1.646
"Kepler-91",0.072000,0.88000,1.384
"CoRoT-20",0.089200,5.06000,1.160
"CoRoT-23",0.048400,3.09000,1.050
"WASP-42",0.054800,0.50000,1.080
"HAT-P-16",0.041340,4.22100,1.289
"HAT-P-22",0.041420,2.17200,1.080
"HAT-P-27",0.040300,0.66000,1.038
"HATS-9",0.030480,0.82300,1.065
"HAT-P-14",0.061080,2.27100,1.219
"CoRoT-29",0.039000,0.84000,0.900
"HAT-P-31",0.055000,2.17100,1.070
"HAT-P-4",0.044650,0.68000,1.337
"EPIC 220674823",0.013120,0.02832,0.162
"CoRoT-7",0.017016,0.01800,0.141
"CoRoT-17",0.048100,2.46000,1.007
"Kepler-413",0.355300,0.21100,0.388
"HAT-P-49",0.043780,1.77000,1.413
"CoRoT-24",0.098000,0.08800,0.440
"HD 149026",0.043130,0.35900,0.654
"HD 209458",0.049000,0.74000,1.410
"HD 17156",0.162780,3.23500,1.087
"KOI-94",0.168400,0.33400,1.005
"K2-34",0.046500,1.69800,1.377
"WASP-120",0.051400,4.85000,1.473
"WASP-94 A",0.055400,0.45600,1.720
"K2-3",0.077700,0.02077,0.204
"TOI-677",0.103800,1.23600,1.170
"WASP-17",0.051510,0.51200,1.991
"WASP-4",0.023070,1.23700,1.357
"TrES-2",0.035030,1.44000,1.162
"Kepler-21",0.042507,0.03300,0.146
"Kepler-34",1.089600,0.22000,0.764
"WASP-136",0.066100,1.51000,1.380
"K2-29",0.040970,0.61300,1.000
"K2-229",0.012888,0.00815,0.104
"XO-2 N",0.036650,0.59500,1.019
"XO-3",0.045400,11.79000,1.217
"XO-5",0.050800,1.15000,1.150
"Ross 458",1100.000000,6.00000,1.250
"GJ 3470",0.034800,0.04400,0.370
"CoRoT-7",0.016900,0.02200,0.166
"KELT-8",0.045710,0.86700,1.860
"WASP-71",0.046220,2.22200,1.460
"WASP-37",0.044600,1.80000,1.160
"WASP-38",0.076000,2.70000,1.100
"WASP-39",0.048600,0.28000,1.270
"WASP-41",0.040200,0.92000,1.200
"HAT-P-42",0.057500,1.04400,1.280
"WISEP J121756.91+162640.2 A",8.000000,22.00000,0.934
"55 Cnc",0.015830,0.02600,0.194
"CoRoT-13",0.051000,1.30800,0.885
"CoRoT-1",0.025360,1.03000,1.551
"OGLE-TR-113",0.022890,1.26000,1.093
"OGLE-TR-132",0.030600,1.01000,1.150
"OGLE-TR-56",0.023860,1.30000,1.200
"TrES-1",0.039300,0.75000,1.080
"TOI-163",0.058000,1.22000,1.489
"NGTS-9",0.058000,2.90000,1.070
"XO-7",0.044210,0.70900,1.373
"TOI-157",0.031380,1.18000,1.286
"GJ 486",0.017340,0.00887,0.116
"WASP-36",0.026430,2.28600,1.281
"TOI-519",0.012000,14.00000,1.070
"Kepler-29",0.110000,0.30000,0.259
"WASP-54",0.049880,0.60600,1.653
"TOI-125",0.051860,0.02989,0.243
"HD 15337",0.123500,0.02766,0.225
"K2-99",0.159000,0.97000,1.290
"TOI-150",0.058300,1.75000,1.380
"CoRoT-26",0.052500,0.58000,1.260
"TOI-1130",0.070980,0.97400,1.500
"OGLE2-TR-L9",0.040470,4.40000,1.633
"WASP-18",0.020260,10.43000,1.165
"WASP-1",0.039200,0.98000,1.493
"WASP-24",0.036510,1.07100,1.300
"WASP-24",0.036070,1.06000,1.300
"WASP-25",0.048190,0.59800,1.247
"WASP-18",0.020430,10.38000,1.163
"WASP-12",0.023500,2.01000,1.860
"WASP-185",0.090400,0.98000,1.250
"WASP-153",0.048000,0.39000,1.550
"Kepler-47",0.991000,28.00000,0.411
"HD 189733",0.031000,1.12300,1.138
"WASP-4",0.022870,1.17000,1.330
"WASP-105",0.075000,1.80000,0.960
"HAT-P-24",0.046500,0.68500,1.316
"Kepler-432",0.302500,0.57500,1.145
"HATS-8",0.046670,0.13800,0.873
"HATS-71",0.037450,0.37000,1.024
"TOI-481",0.097000,1.53000,0.990
"TOI-561",0.156900,0.03760,0.226
"HAT-P-56",0.042300,2.18000,1.466
"Kepler-9",0.225000,0.17100,0.823
"WASP-61",0.051460,2.05000,1.240
"HATS-59",0.061120,0.80600,1.126
"WASP-157",0.052900,0.57400,1.065
"Kepler-1654",2.026000,0.50000,0.819
"HATS-7",0.040120,0.12000,0.563
"CoRoT-9",0.402100,0.84000,1.066
"WASP-91",0.037000,1.34000,1.030
"WASP-107",0.055000,0.12000,0.940
"CoRoTID 223977153",0.071000,0.15000,0.570
"Qatar-10",0.028600,0.73600,1.543
"K2-285",0.038170,0.03046,0.231
"K2-287",0.120600,0.31500,0.847
"WASP-181",0.054270,0.29900,1.184
"HATS-26",0.047350,0.65000,1.750
"HAT-P-22",0.041400,2.14700,1.080
"WASP-4",0.022600,1.18600,1.321
"HAT-P-65",0.039510,0.52700,1.890
"WASP-175",0.044030,0.99000,1.208
"Kepler-36",0.115300,0.01400,0.133
"XO-5",0.049400,1.08400,1.089
"HAT-P-20",0.036170,7.27000,0.867
"HAT-P-36",0.024100,1.84820,1.277
"WASP-28",0.044650,0.90600,1.213
"WASP-49",0.037900,0.39900,1.115
"Kepler-80",0.049100,0.01299,0.143
"WASP-15",0.051650,0.59200,1.408
"GJ 143",0.191500,0.07142,0.233
"Kepler-428",0.043300,1.27000,1.080
"CoRoT-6",0.085500,2.96000,1.166
"GJ 3470",0.031000,0.04300,0.346
"HAT-P-1",0.055610,0.52900,1.319
"Kepler-435",0.094800,0.84000,1.990
"WASP-58",0.056100,0.89000,1.370
"NGTS-6",0.016770,1.33900,1.326
"WASP-2",0.031380,0.91400,1.117
"K2-290",0.092300,0.03430,0.273
"CoRoT-6",0.085500,2.96000,1.185
"HAT-P-18",0.055900,0.19700,0.995
"Kepler-68",0.061700,0.02600,0.206
"TrES-4",0.049650,0.87700,1.810
"CoRoT-8",0.063000,0.22000,0.570
"GJ 436",0.030800,0.08000,0.366
"K2-19",0.076200,0.13844,0.666
"Kepler-18",0.044700,0.02200,0.178
"CoRoT-23",0.048000,2.80000,1.050
"Kepler-24",0.080000,1.60000,0.214
"Kepler-27",0.118000,9.11000,0.357
"WASP-48",0.033200,0.90700,1.396
"Kepler-10",0.016850,0.01000,0.131
"WASP-75",0.037510,1.07300,1.270
"K2-138",0.033850,0.00975,0.135
"WASP-169",0.068100,0.56100,1.304
"HAT-P-2",0.068800,8.70000,1.157
"Kepler-12",0.055300,0.43200,1.754
"WASP-100",0.045700,2.03000,1.690
"WASP-5",0.027140,1.56500,1.164
"L 98-59",0.050600,0.00727,0.140
"HAT-P-28",0.043400,0.62600,1.212
"XO-4",0.054740,1.54700,1.287
"HN Peg",773.000000,21.99870,1.051
"TrES-3",0.022820,1.91000,1.336
"WASP-79",0.053500,0.90000,2.090
"Kepler-30",0.300000,9.10000,1.276
"HAT-P-39",0.050900,0.59900,1.571
"TrES-5",0.024460,1.77800,1.209
"CoRoT-11",0.043600,2.33000,1.430
"TrES-4",0.050200,0.89700,1.735
"WASP-13",0.055700,0.51200,1.528
"Kepler-43",0.044000,3.09000,1.115
"HAT-P-9",0.053000,0.78000,1.400
"HD 39091",0.068390,0.01517,0.182
"WASP-7",0.061900,0.96000,1.363
"GJ 9827",0.018800,0.01545,0.141
"WASP-84",0.077100,0.69400,0.942
"WASP-131",0.060700,0.27000,1.220
"Kepler-18",0.117200,0.05200,0.623
"55 Cnc",0.015440,0.02542,0.171
"CoRoT-11",0.044070,2.62000,1.430
"HAT-P-38",0.052300,0.26700,0.825
"WASP-38",0.075840,2.64800,1.090
"Kepler-26",0.107000,0.37500,0.321
"Kepler-107",0.045440,0.01104,0.137
"Kepler-25",0.068000,12.70000,0.232
"HATS-50",0.050460,0.39000,1.130
"WASP-56",0.054580,0.57100,1.092
"XO-5",0.048740,1.04600,1.109
"HATS-35",0.031990,1.22200,1.464
"HATS-10",0.044910,0.52600,0.969
"L 168-9",0.020910,0.01447,0.124
"WASP-139",0.062000,0.11700,0.800
"Kepler-77",0.047000,0.71000,0.960
"Kepler-117",0.144500,0.09400,0.719
"Kepler-45",0.030000,0.50500,0.960
"TOI-150",0.070370,2.51000,1.255
"HAT-P-33",0.049900,0.76200,1.686
"TOI-178",0.103900,0.02429,0.204
"HD 110113",0.035000,0.01432,0.183
"CoRoT-11",0.044000,2.34000,1.426
"HATS-56",0.060430,0.60200,1.688
"WASP-66",0.054610,2.37000,1.390
"KELT-3",0.041230,1.47800,1.345
"HATS-8",0.046680,0.14500,0.873
"HAT-P-52",0.036960,0.81700,1.009
"WASP-165",0.048230,0.65800,1.260
"WASP-36",0.026430,2.29600,1.281
"Kepler-539",0.498800,0.97000,0.747
"WASP-47",0.052000,1.14000,1.150
"CoRoT-28",0.060300,0.48400,0.955
"XO-5",0.048800,1.05900,1.109
"Kepler-79",0.386000,0.01300,0.311
"WASP-77 A",0.024050,1.76300,1.210
"K2-39",0.057400,0.12522,0.509
"HATS-24",0.025470,2.44000,1.487
"Kepler-93",0.053000,0.01265,0.132
"HATS-69",0.032110,0.57700,0.945
"WASP-104",0.029200,1.26800,1.137
"GJ 9827",0.055910,0.01271,0.180
"OGLE-TR-10",0.045160,0.68000,1.720
"Qatar-8",0.047400,0.37100,1.285
"bet Pic",8.900000,20.00000,1.500
"WASP-18",0.020470,10.43000,1.165
"HATS-39",0.060070,0.63000,1.570
"OGLE-TR-113",0.022900,1.36000,1.093
"K2-31",0.022000,1.77400,1.060
"HATS-33",0.037270,1.19200,1.230
"Kepler-29",0.090000,0.40000,0.321
"HD 219134",0.237000,0.05088,0.144
"XO-1",0.048800,0.90000,1.300
"K2-141",0.007160,0.01671,0.137
"WASP-98",0.036000,0.83000,1.100
"WASP-63",0.057400,0.38000,1.430
"WASP-48",0.034400,0.98400,1.670
"Kepler-422",0.082000,0.43000,1.150
"Kepler-79",0.117000,0.03430,0.310
"Kepler-5",0.050640,2.11400,1.431
"CoRoT-14",0.027000,7.60000,1.090
"WASP-183",0.046320,0.50200,1.470
"HAT-P-11",0.052590,0.08400,0.397
"WASP-12",0.022900,1.41000,1.790
"WASP-1",0.038200,0.89000,1.930
"WASP-126",0.044900,0.28000,0.960
"HATS-27",0.061100,0.53000,1.500
"HATS-57",0.034930,3.14700,1.139
"OGLE-TR-113",0.022990,1.08000,1.090
"OGLE-TR-132",0.030260,1.17000,1.229
"WASP-10",0.038000,3.20000,1.100
"HAT-P-28",0.043370,0.63700,1.212
"WASP-23",0.037000,0.87900,0.962
"HAT-P-25",0.046600,0.56700,1.190
"HAT-P-1",0.055300,0.52500,1.242
"Kepler-412",0.029610,0.92700,1.325
"GJ 1214",0.014110,0.01970,0.254
"HATS-34",0.031660,0.94100,1.430
"HAT-P-54",0.041220,1.82000,0.944
"HATS-64",0.065620,0.96000,1.679
"WASP-14",0.037100,7.76000,1.221
"WASP-170",0.033700,1.60000,1.096
"Kepler-422",0.081300,0.49000,1.150
"TrES-2",0.035570,1.21200,1.224
"HD 15337",0.052200,0.02363,0.146
"HATS-54",0.037630,0.76000,1.067
"K2-229",0.075770,0.06702,0.189
"OGLE2-TR-L9",0.030800,4.50000,1.610
"HATS-18",0.017400,1.97950,1.329
"Kepler-20",0.045370,0.02700,0.170
"TOI-561",0.088800,0.02202,0.259
"WASP-5",0.027400,1.59500,1.175
"HAT-P-3",0.038660,0.59100,0.827
"WASP-77 A",0.023960,1.76000,1.210
"XO-1",0.049000,0.92000,1.210
"K2-138",0.078200,0.04081,0.302
"WASP-74",0.037050,0.94400,1.560
"HATS-25",0.051630,0.61300,1.260
"HAT-P-53",0.031590,1.48400,1.318
"WASP-25",0.047380,0.57400,1.220
"TOI-561",0.117400,0.00944,0.207
"K2-107",0.048000,0.84000,1.440
"CoRoT-21",0.041700,2.26000,1.300
"HATS-43",0.049440,0.26100,1.180
"WASP-22",0.047000,0.57000,1.158
"Kepler-56",0.165200,0.57000,0.874
"Kepler-412",0.028970,0.94100,1.341
"HAT-P-57",0.040600,1.85000,1.413
"HAT-P-54",0.041170,0.76000,0.944
"TRAPPIST-1",0.011110,0.00267,0.097
"WASP-142",0.034700,0.84000,1.530
"OGLE-TR-211",0.051050,0.75000,1.262
"HATS-51",0.046390,0.76800,1.410
"TOI-169",0.035240,0.79100,1.086
"KOI-94",0.304600,0.11000,0.585
"Kepler-10",0.016840,0.01400,0.126
"HAT-P-3",0.038990,0.60900,0.899
"Kepler-426",0.041350,0.33700,1.090
"EPIC 220674823",0.011600,0.02630,0.136
"XO-5",0.051500,1.19000,1.140
"WASP-80",0.034000,0.55000,0.950
"OGLE-TR-182",0.052050,1.06000,1.470
"K2-216",0.028000,0.02517,0.156
"EPIC 220674823",0.107100,0.01793,0.247
"Kepler-434",0.114200,2.98000,1.130
"Kepler-39",0.153900,17.90000,1.092
"HATS-9",0.030480,0.83700,1.065
"WASP-21",0.051600,0.29500,1.263
"HATS-22",0.050250,2.74000,0.953
"TrES-4",0.051600,0.49400,1.838
"TOI-824",0.021770,0.05810,0.261
"PDS 70",22.000000,8.00000,1.300
"HATS-41",0.058300,9.70000,1.330
"WASP-58",0.056200,0.89900,1.370
"WASP-8",0.080000,2.20000,1.000
"Kepler-39",0.163500,20.10000,1.240
"K2-38",0.050600,0.03776,0.138
"TIC 237913194",0.120700,1.94200,1.117
"Kepler-51",0.509000,0.02400,0.865
"WASP-25",0.047300,0.58000,1.220
"HD 209458",0.046700,0.63000,1.270
"Kepler-32",0.090000,0.50000,0.178
"EPIC 249893012",0.130000,0.04616,0.327
"HAT-P-5",0.040710,1.06000,1.254
"HATS-38",0.050360,0.07400,0.614
"CoRoT-17",0.048100,2.41000,1.020
"XO-4",0.054750,1.52100,1.290
"WASP-150",0.069400,8.46000,1.070
"HAT-P-67",0.065050,0.34000,2.085
"HATS-29",0.054750,0.65300,1.251
"WASP-3",0.031700,1.76000,1.310
"CoRoT-18",0.029500,3.46000,1.310
"WASP-16",0.042200,0.90800,1.008
"WASP-49",0.037900,0.37800,1.115
"TrES-1",0.039250,0.75200,1.067
"WASP-187",0.065300,0.80000,1.640
"TOI-942",0.047960,2.60000,0.429
"WASP-11",0.043000,0.53000,0.910
"TOI-942",0.088000,0.11641,0.428
"Kepler-38",0.463200,0.38400,0.384
"CoRoT-13",0.051000,1.31200,1.252
"WASP-124",0.044900,0.60000,1.240
"HD 106315",0.153600,0.04782,0.388
"K2-18",0.143000,0.02504,0.212
"K2-113",0.055800,1.29000,0.930
"HD 219666",0.063560,0.05223,0.420
"EPIC 248847494",4.500000,13.00000,1.110
"GJ 357",0.035000,0.00579,0.109
"HAT-P-43",0.044300,0.66200,1.281
"Kepler-9",0.140000,0.25200,0.842
"HAT-P-13",0.042700,0.85300,1.271
"CoRoT-25",0.057800,0.27000,1.080
"KELT-2 A",0.054970,1.52700,1.290
"K2-30",0.041900,0.58900,1.069
"WASP-45",0.040540,1.00700,1.160
"HD 15337",0.126800,0.02552,0.213
"Kepler-6",0.048520,0.66800,1.304
"Kepler-45",0.029870,0.48400,0.960
"TRAPPIST-1",0.028170,0.00195,0.082
"Kepler-11",0.466000,0.07900,0.297
"WASP-64",0.026520,1.22100,1.271
"WASP-2",0.030330,0.84700,1.043
"Kepler-1658",0.054400,5.88000,1.070
"HATS-66",0.047140,5.33000,1.411
"Qatar-2",0.021530,2.47000,1.254
"HAT-P-19",0.046640,0.28400,1.132
"K2-3",0.209700,0.00566,0.147
"WASP-72",0.037080,1.54610,1.270
"WASP-103",0.019850,1.49000,1.528
"HATS-16",0.037440,3.27000,1.300
"WASP-78",0.036200,0.89000,1.700
"HD 3167",0.179500,0.03083,0.269
"TOI-125",0.137000,0.04279,0.261
"CoRoT-2",0.028540,3.62000,1.470
"HD 183579",0.133400,0.06198,0.317
"WTS-1",0.047000,4.01000,1.490
"HATS-60",0.047080,0.66200,1.153
"TOI-201",0.300000,0.42000,1.008
"WASP-7",0.061800,0.96000,0.915
"K2-285",0.117800,0.02045,0.221
"HAT-P-24",0.046500,0.68500,1.242
"HAT-P-19",0.046600,0.29200,1.132
"HAT-P-6",0.052390,1.10600,1.330
"Kepler-77",0.045010,0.43000,0.960
"TOI-561",0.327400,0.05034,0.238
"WASP-67",0.051700,0.42000,1.400
"WASP-28",0.044500,0.89900,1.354
"Kepler-8",0.048500,0.59000,1.381
"Kepler-20",0.046300,0.03052,0.167
"CoRoT-1",0.027520,1.23000,1.715
"Kepler-11",0.159000,0.01900,0.306
"TOI-1266",0.105800,0.00692,0.139
"WASP-171",0.050400,1.08400,0.980
"CoRoT-16",0.061800,0.53500,1.170
"WASP-8",0.080100,2.24400,1.038
"HR 8799",24.000000,10.00000,1.200
"Kepler-20",0.093000,0.05100,0.274
"WASP-16",0.041500,0.83200,1.218
"TrES-5",0.024520,1.79000,1.209
"Kepler-40",0.080000,2.20000,1.170
"TOI-905",0.046660,0.66700,1.171
"WASP-129",0.062800,1.00000,0.930
"WASP-177",0.039570,0.50800,1.580
"PH1",0.652000,0.53100,0.551
"WASP-17",0.051000,0.49000,1.740
"Kepler-62",0.092900,0.01300,0.048
"WASP-20",0.059990,0.31100,1.462
"CoRoT-4",0.090250,0.70300,1.190
"L 98-59",0.031700,0.00761,0.120
"WASP-60",0.053100,0.51400,0.860
"HAT-P-42",0.057500,0.88000,1.280
"HAT-P-50",0.045270,1.35900,1.288
"KOI-55",0.006000,0.00140,0.068
"HD 219134",0.146300,0.02297,0.117
"Kepler-423",0.035820,0.60600,1.192
"WASP-100",0.045740,2.01000,1.690
"WASP-48",0.034490,1.03100,1.670
"HAT-P-46",0.057700,0.49300,1.284
"Kepler-12",0.055600,0.43100,1.695
"Kepler-11",0.462000,0.94400,0.327
"CoRoT-2",0.028100,3.30000,1.466
"HAT-P-34",0.067740,3.33000,1.197
"WASP-13",0.055800,0.52500,1.528
"Kepler-447",0.076900,1.37000,1.650
"HD 209458",0.047070,0.68500,1.359
"OGLE-TR-182",0.051000,1.01000,1.130
"OGLE-TR-211",0.051060,0.68000,1.262
"55 Cnc",0.015440,0.02542,0.170
"WTS-2",0.018560,1.27000,1.363
"K2-18",0.142900,0.02807,0.211
"WASP-4",0.023290,1.28900,1.371
"HAT-P-39",0.050950,0.56900,1.571
"WASP-163",0.026600,1.87000,1.202
"WASP-101",0.050600,0.50000,1.410
"LTT 3780",0.012110,0.00824,0.119
"HD 95338",0.262000,0.13353,0.347
"HAT-P-14",0.060600,2.23200,1.150
"WASP-55",0.053260,0.57100,1.300
"TrES-3",0.022840,1.80100,1.336
"K2-66",0.059830,0.06702,0.222
"HATS-48 A",0.037690,0.24300,0.800
"Wendelstein-2",0.023400,0.73100,1.159
"TOI-892",0.092000,0.95000,1.070
"OGLE-TR-10",0.041620,0.57000,1.240
"WASP-3",0.031870,2.06000,1.454
"WASP-47",0.017300,0.02863,0.162
"Kepler-435",0.094900,0.85000,1.990
"CoRoT-20",0.090100,4.23000,0.840
"HAT-P-18",0.055960,0.20000,0.995
"CoRoT-3",0.057400,21.44000,1.010
"Kepler-20",0.094900,0.04012,0.272
"KELT-8",0.045500,0.85800,1.860
"WASP-113",0.058850,0.47500,1.409
"NGTS-8",0.035000,0.93000,1.090
"Kepler-74",0.078130,0.60400,0.960
"HATS-42",0.036890,1.88000,1.400
"WASP-48",0.034440,0.98000,1.670
"HATS-45",0.055110,0.70000,1.286
"HAT-P-12",0.038380,0.20840,0.959
"HAT-P-23",0.023200,1.97000,1.368
"HATS-28",0.041310,0.67200,1.194
"OGLE-TR-10",0.043500,1.13000,1.250
"Kepler-6",0.044380,0.63300,1.169
"LTT 3780",0.076730,0.02706,0.205
"TOI-1728",0.039100,0.08426,0.451
"WASP-89",0.042800,5.80000,1.040
"HAT-P-51",0.050690,0.30900,1.293
"WASP-68",0.062190,0.95700,1.240
"HD 149026",0.042880,0.35600,0.610
"WASP-34",0.052100,0.58300,1.220
"Kepler-15",0.057050,0.63300,0.960
"HAT-P-6",0.052370,1.05900,1.330
"Kepler-41",0.030970,0.56600,1.290
"Kepler-43",0.044360,3.14000,1.160
"WASP-59",0.069700,0.85700,0.775
"KOI-55",0.007600,0.00210,0.077
"HAT-P-22",0.041400,2.14800,1.080
"HAT-P-55",0.046040,0.58000,1.182
"LTT 1445 A",0.038070,0.00692,0.123
"Qatar-1",0.023430,1.32100,1.180
"HD 1397",0.100300,0.36700,1.023
"WASP-156",0.045300,0.12800,0.510
"EPIC 220674823",0.105000,0.01825,0.223
"WASP-52",0.027130,0.45900,1.270
"HAT-P-4",0.044490,0.65100,1.274
"HAT-P-45",0.045200,0.89200,1.426
"HD 80606",0.456500,4.11600,1.003
"TrES-1",0.039460,0.76100,1.099
"K2-105",0.081000,0.09439,0.369
"WASP-17",0.051500,0.48600,1.991
"Kepler-419",0.370400,2.58000,0.960
"Kepler-68",0.090590,0.01500,0.085
"TOI-216",0.129300,0.09439,0.686
"EPIC 249893012",0.047000,0.02753,0.174
"WASP-151",0.055000,0.31000,1.130
"NGTS-10",0.014300,2.16200,1.205
"LTT 9779",0.016790,0.09225,0.421
"TOI-125",0.081400,0.02086,0.246
"K2-60",0.045000,0.42600,0.683
"HAT-P-27",0.039980,0.61600,1.020
"HATS-65",0.044970,0.82100,1.501
"HAT-P-13",0.042700,0.88300,1.281
"Kepler-77",0.045020,0.52200,0.960
"HD 89345",0.105000,0.11232,0.612
"HAT-P-56",0.042320,1.90000,1.466
"WASP-10",0.037800,3.21000,1.067
"WASP-42",0.054800,0.50100,1.063
"Kepler-8",0.047400,0.59000,1.416
"HD 106315",0.090700,0.03964,0.218
"Kepler-101",0.047400,0.16000,0.510
"Kepler-1656",0.197000,0.15291,0.448
"Kepler-17",0.026050,2.34000,1.310
"WASP-55",0.055800,0.62700,1.335
"WASP-47",0.088000,0.05286,0.331
"WASP-98",0.035710,0.84800,1.100
"Kepler-453",0.790300,0.05034,0.553
"Kepler-11",0.091000,0.01400,0.176
"Kepler-419",0.370000,2.50000,0.960
"CoRoT-5",0.049470,0.46700,1.388
"HATS-1",0.044460,1.75000,1.302
"HATS-46",0.053670,0.17300,0.903
"WASP-18",0.020300,10.20000,1.106
"HAT-P-15",0.096400,1.94600,1.072
"Kepler-7",0.061300,0.42500,1.602
"TrES-4",0.050910,0.91900,1.799
"OGLE-TR-56",0.022500,0.90000,1.300
"TrES-1",0.039260,0.69700,1.067
"Kepler-39",0.155000,18.00000,1.220
"WASP-41",0.040220,0.94100,1.200
"Kepler-26",0.085000,0.38000,0.321
"CoRoT-23",0.048090,3.06000,1.180
"WASP-37",0.044700,1.72000,1.160
"HAT-P-6",0.052440,1.06300,1.395
"Kepler-289",0.330000,0.01300,0.239
"Kepler-62",0.055300,0.03000,0.117
"HAT-P-66",0.043630,0.78300,1.590
"TrES-3",0.022720,1.93800,1.312
"K2-290",0.305000,0.77400,1.006
"HAT-P-49",0.043800,1.73000,1.413
"KOI-94",0.101300,0.04900,0.385
"Kepler-22",0.849000,0.11300,0.212
"HATS-37 A",0.049130,0.09900,0.606
"Wendelstein-1",0.028200,0.59200,1.031
"Kepler-1655",0.103000,0.01573,0.197
"CoRoT-9",0.402900,0.84600,1.066
"CoRoT-26",0.052600,0.52000,1.260
"HATS-4",0.036230,1.30900,1.020
"55 Cnc",0.015440,0.02514,0.167
"CoRoT-9",0.402700,0.82600,1.037
"HAT-P-3",0.038940,0.59900,0.890
"CoRoT-10",0.105500,2.73000,0.970
"HD 2685",0.056800,1.17000,1.440
"HD 219134",0.038760,0.01491,0.143
"Kepler-35",0.603470,0.12700,0.728
"OGLE-TR-113",0.022800,1.35000,1.080
"WASP-54",0.049870,0.63600,1.653
"CoRoT-9",0.407000,0.84000,1.050
"K2-292",0.130000,0.07709,0.235
"WASP-62",0.056700,0.57000,1.390
"HAT-P-37",0.037930,1.20000,1.178
"K2-19",0.100100,0.05003,0.402
"WASP-15",0.049900,0.54200,1.428
"K2-33",0.040900,3.60000,0.514
"WASP-2",0.031400,0.92500,1.071
"Kepler-8",0.048350,0.56000,1.419
"TOI-564",0.027340,1.46300,1.020
"WASP-172",0.069400,0.47000,1.570
"Kepler-7",0.063240,0.45300,1.649
"WASP-38",0.075220,2.69100,1.094
"TOI-421",0.118900,0.05166,0.454
"TrES-2",0.036700,1.44000,1.245
"HAT-P-4",0.044380,0.67100,1.274
"WASP-123",0.042630,0.89900,1.318
"Kepler-1514",0.753000,5.28000,1.108
"WASP-66",0.054600,2.32000,1.390
"Kepler-7",0.063300,0.44900,1.649
"WASP-76",0.033000,0.92000,1.830
"WASP-34",0.052400,0.59000,1.220
"HD 1397",0.109700,0.41500,1.026
"WASP-176",0.053500,0.85500,1.505
"Kepler-11",0.091000,0.00600,0.161
"WASP-75",0.037500,1.07000,1.270
"HD 189733",0.030990,1.14400,1.138
"WASP-14",0.037000,7.59000,1.240
"WASP-1",0.038890,0.84600,1.449
"TrES-2",0.035630,1.20200,1.187
"WASP-70 A",0.048550,0.59700,1.164
"WASP-29",0.045650,0.24400,0.776
"WASP-117",0.094640,0.27610,1.021
"TOI-178",0.078300,0.01214,0.197
"CoRoT-12",0.040160,0.91700,1.440
"TrES-2",0.036700,1.19700,1.247
"WASP-178",0.055800,1.66000,1.810
"HATS-10",0.044930,0.58500,0.969
"WASP-5",0.026700,1.58000,1.087
"HATS-2",0.022980,1.53000,1.168
"TOI-178",0.059200,0.00947,0.229
"NGTS-1",0.032600,0.81200,1.330
"HAT-P-55",0.046040,0.58200,1.182
"TOI-1266",0.073600,0.04248,0.211
"WASP-78",0.034880,0.81700,1.590
"HD 80606",0.456400,4.11400,1.003
"Kepler-75",0.081700,10.10000,1.050
"HATS-17",0.130800,1.33800,0.777
"CoRoT-1",0.025900,1.07000,1.420
"K2-285",0.082400,0.04933,0.315
"K2-30",0.048390,0.57900,1.039
"TOI-942",0.084700,2.50000,0.517
"TOI-1478",0.090300,0.85100,1.060
"Kepler-20",0.345300,0.06300,0.245
"OGLE-TR-111",0.046890,0.55000,1.051
"Kepler-41",0.028950,0.49300,0.852
"K2-285",0.180410,0.03367,0.174
"Kepler-17",0.026800,2.47000,1.330
"WASP-45",0.040540,1.00300,1.160
"OGLE-TR-111",0.047000,0.53000,1.000
"K2-238",0.046000,0.86000,1.300
"K2-263",0.257300,0.04657,0.215
"WASP-56",0.056140,0.59900,1.092
"WASP-90",0.056200,0.63000,1.630
"Kepler-11",0.195000,0.02500,0.374
"Kepler-6",0.045670,0.66900,1.323
"XO-3",0.045390,11.70000,1.217
"TOI-1338",0.460700,0.10383,0.611
"K2-295",0.045100,0.33500,0.897
"HAT-P-12",0.038400,0.21100,0.959
"WASP-88",0.064380,0.57000,1.700
"WASP-3",0.031820,1.89000,1.416
"OGLE-TR-182",0.052050,1.07000,1.470
"KELT-6",0.079390,0.43000,1.193
"HAT-P-2",0.067900,8.72000,1.003
"K2-30",0.049860,0.62300,1.196
"Kepler-10",0.016870,0.01447,0.130
"Kepler-75",0.080000,9.90000,1.030
"TOI-640",0.066080,0.88000,1.771
"WASP-97",0.033050,1.32300,1.130
"HAT-P-11",0.053000,0.08100,0.422
"HAT-P-32",0.034300,0.86000,1.789
"KELT-2 A",0.054960,1.52200,1.286
"Kepler-76",0.027800,2.00000,1.250
"WASP-6",0.042170,0.48300,1.224
"WASP-7",0.061880,1.08300,1.363
"WASP-95",0.034150,1.20400,1.210
"WASP-92",0.034800,0.80500,1.461
"CoRoT-2",0.028350,3.57000,1.460
"WASP-12",0.023090,1.43000,1.825
"TrES-4",0.050920,0.92000,1.751
"Kepler-107",0.060640,0.02954,0.142
"WASP-80",0.034600,0.55400,0.952
"WASP-12",0.023120,1.39000,1.825
"WASP-69",0.045270,0.25000,1.057
"HAT-P-38",0.052310,0.26700,0.825
"TrES-2",0.035580,1.20000,1.224
"Kepler-11",0.107000,0.00900,0.256
"WASP-8",0.080100,2.13200,1.038
"WASP-31",0.046590,0.47800,1.549
"WASP-168",0.051900,0.42000,1.500
"K2-114",0.093090,1.85000,0.942
"Kepler-87",0.481000,1.02000,1.204
"K2-39",0.062000,0.15826,0.732
"HATS-6",0.036230,0.31900,0.998
"HAT-P-43",0.044450,0.73000,1.281
"WASP-60",0.053110,0.50500,0.860
"WASP-57",0.037720,0.64300,1.050
"WASP-62",0.056720,0.56800,1.390
"HAT-P-8",0.044960,1.35400,1.500
"GJ 3473",0.015890,0.00585,0.113
"Kepler-15",0.057140,0.66000,0.960
"WASP-164",0.028180,2.13000,1.128
"1RXS J160929.1-210524",330.000000,8.00000,1.664
"WASP-138",0.049400,1.22000,1.090
"Kepler-9",0.227000,0.09408,0.721
"WASP-106",0.091700,1.92500,1.085
"K2-36",0.054000,0.02454,0.285
"TOI-1601",0.068640,0.99000,1.239
"WASP-2",0.030330,0.84700,1.043
"POTS-1",0.037340,2.31000,0.941
"K2-24",0.154000,0.06607,0.507
"WASP-59",0.069700,0.86300,0.775
"HAT-P-20",0.036100,7.24600,0.867
"Kepler-18",0.075200,0.05400,0.490
"TOI-849",0.015980,0.12299,0.307
"Qatar-2",0.021490,2.48700,1.144
"HAT-P-9",0.052900,0.76100,1.400
"TOI-132",0.026000,0.07048,0.305
"TOI-561",0.010550,0.00500,0.127
"NGTS-14 A",0.040300,0.09200,0.444
"Kepler-56",0.102800,0.07000,0.581
"EPIC 249893012",0.220000,0.03203,0.352
"Kepler-454",0.095400,0.02152,0.211
"HAT-P-24",0.046510,0.72300,1.242
"GJ 9827",0.039250,0.00264,0.111
"TOI-178",0.127500,0.01240,0.256
"HD 97658",0.080000,0.02400,0.200
"TOI-178",0.037000,0.01501,0.149
"Kepler-41",0.030000,0.55000,0.890
"GJ 436",0.028720,0.07300,0.370
"NGTS-18",0.044800,0.40900,1.210
"NGTS-15",0.044100,0.75100,1.100
"NGTS-17",0.039100,0.76400,1.240
"NGTS-16",0.052300,0.66700,1.300
"LHS 1478",0.018480,0.00733,0.111
"TOI-257",0.152800,0.13800,0.639
"HD 5278",0.120200,0.02454,0.219
